Название,Категория,Ссылка
Борщ,Супы,https://ivlevchefbooks.ru/borsh
Быстрый том-ям,Супы,https://ivlevchefbooks.ru/bystryi-tom-yam
Гороховый суп,Супы,https://ivlevchefbooks.ru/gorohovyi-syp
Грибная похлёбка,Супы,https://ivlevchefbooks.ru/gribnaya-pohlebka
Грибной суп по-ивлевски,Супы,https://ivlevchefbooks.ru/gribnoi-sup-po-ivlevski
Гуляш из говядины,Супы,https://ivlevchefbooks.ru/gylyash-iz-govyadiny
Крем-суп из картофеля,Супы,https://ivlevchefbooks.ru/crem-syp-iz-kartofelya
Крем-суп из овощей,Супы,https://ivlevchefbooks.ru/crem-syp-iz-ovoshey
Куриный суп с лапшой,Супы,https://ivlevchefbooks.ru/kyrinyi-syp-s-lapshoi
Лапша с курицей в паназиатском стиле,Супы,https://ivlevchefbooks.ru/lapsha-s-kyritsey-v-panaziatskom-stile
Окрошка,Супы,https://ivlevchefbooks.ru/okroshka
Перечно-томатный суп,Супы,https://ivlevchefbooks.ru/perechno-tomatnyi-soup
Похмельный том-ям,Супы,https://ivlevchefbooks.ru/pohmelnyi-tom-yam
Рассольник,Супы,https://ivlevchefbooks.ru/rassolnik
Свекольник по-ивлевски,Супы,https://ivlevchefbooks.ru/svekolnik-po-ivlevski
Сливочный суп с лисичками,Супы,https://ivlevchefbooks.ru/slivochnyi-syp-s-lisichkami
Солянка мясная,Супы,https://ivlevchefbooks.ru/solyanka-myasnaya
Солянка из капусты,Супы,https://ivlevchefbooks.ru/solyanka-iz-kapysty
Суп Вишисуаз,Супы,https://ivlevchefbooks.ru/sup-vishisyaz
Суп из лукового сырка,Супы,https://ivlevchefbooks.ru/syp-iz-lykovogo-syrka
Суп из твёрдого авокадо,Супы,https://ivlevchefbooks.ru/syp-iz-tverdogo-avocado
Суп-биск из раков с креветками,Супы,https://ivlevchefbooks.ru/syp-bisk-iz-rakov-s-krevetkami
Суп-гуляш из говядины,Супы,https://ivlevchefbooks.ru/sup-gylyash-iz-govyadiny
Суп-капучино из шампиньонов,Супы,https://ivlevchefbooks.ru/syp-kapuchino-iz-shampinionov
Том-ям,Супы,https://ivlevchefbooks.ru/tom-yam
Томатно-огуречный гаспачо,Супы,https://ivlevchefbooks.ru/tomatno-ogerechnyi-gospacho
Тыквенный крем-суп,Супы,https://ivlevchefbooks.ru/tykvennyi-krem-syp
Тыквенный суп с креветками,Супы,https://ivlevchefbooks.ru/tykvennyi-sup-s-krevetkami
Уха,Супы,https://ivlevchefbooks.ru/yha
Французский луковый суп,Супы,https://ivlevchefbooks.ru/francyzkiy-lukovyi-sup
Харчо,Супы,https://ivlevchefbooks.ru/harcho
Чечевичный суп,Супы,https://ivlevchefbooks.ru/chechevichnyi-sup
Щи с грибами,Супы,https://ivlevchefbooks.ru/shi-s-gribami
Кукурузно-тыквенный суп,Супы,https://ivlevchefbooks.ru/kykyryzno-tykvennyi-sup
Азы по-татарски,Салаты и закуски,https://ivlevchefbooks.ru/azy-po-tatarski
Цезарь с креветками,Салаты и закуски,https://ivlevchefbooks.ru/cesar-s-crevetkami
Греческий салат,Салаты и закуски,https://ivlevchefbooks.ru/grecheskyi-salat
Изысканный французский салат,Салаты и закуски,https://ivlevchefbooks.ru/izyskannyi-franzyskiy-salat
Кабачковая икра,Салаты и закуски,https://ivlevchefbooks.ru/kabachkovaya-ikra
Карпаччо,Салаты и закуски,https://ivlevchefbooks.ru/karpacho
Карпаччо из лосося,Салаты и закуски,https://ivlevchefbooks.ru/karpacho-iz-lososya
Карпаччо из сибаса,Салаты и закуски,https://ivlevchefbooks.ru/karpacho-iz-sibassa
Карпаччо из свёклы,Салаты и закуски,https://ivlevchefbooks.ru/karpacho-iz-svekly
Коул слоу,Салаты и закуски,https://ivlevchefbooks.ru/koyl-slow
Фирменный коул слоу,Салаты и закуски,https://ivlevchefbooks.ru/firmennyi-coul-slow
Латук с копчёным лососем,Салаты и закуски,https://ivlevchefbooks.ru/latyk-s-kopchennym-lososem
Лечо по-ивлевски,Салаты и закуски,https://ivlevchefbooks.ru/lecho-po-ivlevski
Маринованные шампиньоны,Салаты и закуски,https://ivlevchefbooks.ru/marinovannye-shampinony
Мимоза,Салаты и закуски,https://ivlevchefbooks.ru/mimoza
Оливье (русский салат),Салаты и закуски,https://ivlevchefbooks.ru/olivie-russkiy-salat
Оливье с копчёным лососем,Салаты и закуски,https://ivlevchefbooks.ru/olivie-s-kopchenym-lososem
Паназиатский салат из курицы,Салаты и закуски,https://ivlevchefbooks.ru/panasiatskiy-salat-iz-kyritcy
Паштет из копчёной скумбрии,Салаты и закуски,https://ivlevchefbooks.ru/pashtet-iz-kopchenoy-skymbrii
Паштет из куриной печени,Салаты и закуски,https://ivlevchefbooks.ru/pashtet-iz-kyrinoi-pecheni
Простой салат,Салаты и закуски,https://ivlevchefbooks.ru/prostoi-salat
Раки с соусом,Салаты и закуски,https://ivlevchefbooks.ru/raki-s-sousom-ryi
Салат из битых огурцов с кальмаром,Салаты и закуски,https://ivlevchefbooks.ru/salat-iz-bityh-ogyrtsov-s-kalmarom
Салат из булгура,Салаты и закуски,https://ivlevchefbooks.ru/salat-iz-bulgyra
"Салат из булгура, перца, кабачков",Салаты и закуски,https://ivlevchefbooks.ru/salat-iz-bulgura-perca-kabachkov
Салат из курицы-гриль,Салаты и закуски,https://ivlevchefbooks.ru/salat-iz-kuritcy-grill
Салат из свежих овощей,Салаты и закуски,https://ivlevchefbooks.ru/salat-iz-svejyh-ovoshey
Салат из яблок,Салаты и закуски,https://ivlevchefbooks.ru/salat-iz-yablok
Салат из яблок и сыра,Салаты и закуски,https://ivlevchefbooks.ru/salat-iz-yablok-i-syra
Салат с арбузом,Салаты и закуски,https://ivlevchefbooks.ru/salat-s-arbyzom
Салат с баклажанами и томатами,Салаты и закуски,https://ivlevchefbooks.ru/salat-s-baklajanami-i-tomatami
"Салат с сёмгой, картофелем, руколой",Салаты и закуски,https://ivlevchefbooks.ru/salat-s-semgoi-kartofelem-rukoloi
Сельдь под шубой по-ивлевски,Салаты и закуски,https://ivlevchefbooks.ru/seld-pod-shuboi-ivlev
Сельдь под шубой (НС),Салаты и закуски,https://ivlevchefbooks.ru/seld-pod-shyboi-ns
Бефстроганов,Горячие блюда — мясо,https://ivlevchefbooks.ru/befstroganov
Бифштекс с грибным рагу,Горячие блюда — мясо,https://ivlevchefbooks.ru/beefshteks-s-gribnym-ragy
Буженина,Горячие блюда — мясо,https://ivlevchefbooks.ru/byjenina
Буженина с томатным соусом,Горячие блюда — мясо,https://ivlevchefbooks.ru/bygenina-s-tomatnym-soysom
Вителло тоннато,Горячие блюда — мясо,https://ivlevchefbooks.ru/vitello-tonnato
Голубцы,Горячие блюда — мясо,https://ivlevchefbooks.ru/golybtsi
Фирменные голубцы,Горячие блюда — мясо,https://ivlevchefbooks.ru/firmennye-golubtsi
Гречка в казане,Горячие блюда — мясо,https://ivlevchefbooks.ru/grechka-v-kazane
Гречка по-купечески,Горячие блюда — мясо,https://ivlevchefbooks.ru/grechka-po-kupecheski
Дачное рагу,Горячие блюда — мясо,https://ivlevchefbooks.ru/dachnoe-ragy
Домашние колбаски,Горячие блюда — мясо,https://ivlevchefbooks.ru/domashnie-kolbaski
Жаркое из свинины,Горячие блюда — мясо,https://ivlevchefbooks.ru/jarkoe-iz-svininy
Запечённая курица,Горячие блюда — мясо,https://ivlevchefbooks.ru/zapechennaya-kyritca
Запечённая свиная шея,Горячие блюда — мясо,https://ivlevchefbooks.ru/zapechennya-svinaya-sheya
Запечённое мясо с сыром,Горячие блюда — мясо,https://ivlevchefbooks.ru/zapechennoe-myaso-s-syrom
Индейка в рукаве,Горячие блюда — мясо,https://ivlevchefbooks.ru/indeika-v-rykave
Кордон блю,Горячие блюда — мясо,https://ivlevchefbooks.ru/kordon-blue
Куриные зразы,Горячие блюда — мясо,https://ivlevchefbooks.ru/kyrinye-zrazy
Куриные колбаски с сыром,Горячие блюда — мясо,https://ivlevchefbooks.ru/kyrinye-kolbaski-s-syrom
Куриные котлеты,Горячие блюда — мясо,https://ivlevchefbooks.ru/kyrinye-kotlety
Куриные ножки,Горячие блюда — мясо,https://ivlevchefbooks.ru/kyrinye-nozhki
Курица в соусе карри,Горячие блюда — мясо,https://ivlevchefbooks.ru/kyritca-v-soyse-karri
Ленивые рёбра,Горячие блюда — мясо,https://ivlevchefbooks.ru/lenivye-rebra
Люля из мяса с сыром,Горячие блюда — мясо,https://ivlevchefbooks.ru/lulya-iz-myasa-s-syrom
Люля с двумя видами сулугуни,Горячие блюда — мясо,https://ivlevchefbooks.ru/lulya-s-dvymya-vidami-suluguni
Макароны по-флотски,Горячие блюда — мясо,https://ivlevchefbooks.ru/makarony-po-flotski
Мясной рулет с грибами,Горячие блюда — мясо,https://ivlevchefbooks.ru/myasnoi-rulet-s-gribami
Мясной хлеб,Горячие блюда — мясо,https://ivlevchefbooks.ru/meat-bread
Мясо по-кремлёвски,Горячие блюда — мясо,https://ivlevchefbooks.ru/myaso-po-kremlevski
Мясо по-французски,Горячие блюда — мясо,https://ivlevchefbooks.ru/myaso-po-frantsyzki
Паста с курицей,Горячие блюда — мясо,https://ivlevchefbooks.ru/pasta-s-kyritcey
Паста карбонара,Горячие блюда — мясо,https://ivlevchefbooks.ru/pasta-karbonara
Перепёлка с копчёностями,Горячие блюда — мясо,https://ivlevchefbooks.ru/perepelka-s-kopchenosyami
Перепёлка табака,Горячие блюда — мясо,https://ivlevchefbooks.ru/perepelka-tabaka
Печень,Горячие блюда — мясо,https://ivlevchefbooks.ru/pechen
Плов,Горячие блюда — мясо,https://ivlevchefbooks.ru/plov
Рагу из курицы,Горячие блюда — мясо,https://ivlevchefbooks.ru/ragy-iz-kyritcy
Рёбрышки с перечным соусом,Горячие блюда — мясо,https://ivlevchefbooks.ru/rebryshki-s-perechnym-soysom
Свиная вырезка в беконе,Горячие блюда — мясо,https://ivlevchefbooks.ru/svinaya-vyrezka-v-bekone
"Свиная вырезка с рисом, овощами, орехами",Горячие блюда — мясо,https://ivlevchefbooks.ru/svinaya-vyrezka-s-risom-ovoshami-orehami
Сковлянка нью-стайл,Горячие блюда — мясо,https://ivlevchefbooks.ru/skoblyanka-new-style
Сочные говяжьи рёбра,Горячие блюда — мясо,https://ivlevchefbooks.ru/sochnye-govyajie-rebra
Стейки,Горячие блюда — мясо,https://ivlevchefbooks.ru/steiki
Тефтели в томатном соусе,Горячие блюда — мясо,https://ivlevchefbooks.ru/tefteli-v-tomatnom-soyse
Томлёный кролик,Горячие блюда — мясо,https://ivlevchefbooks.ru/tomlennyi-krolik
Утиная грудка с яблоками,Горячие блюда — мясо,https://ivlevchefbooks.ru/ytinaya-grydka-s-yablokami
Утка запечённая,Горячие блюда — мясо,https://ivlevchefbooks.ru/ytka-zapechennaya
Фаршированный перец,Горячие блюда — мясо,https://ivlevchefbooks.ru/farshrovannyi-perec
Чахохбили из индейки,Горячие блюда — мясо,https://ivlevchefbooks.ru/chahohbili-iz-indeiki
Чебуреки,Горячие блюда — мясо,https://ivlevchefbooks.ru/chebyreki
Чеф-бургер,Горячие блюда — мясо,https://ivlevchefbooks.ru/chef-burger
Хачапури из индейки,Горячие блюда — мясо,https://ivlevchefbooks.ru/hachapuri-iz-indeiky
Шницель,Горячие блюда — мясо,https://ivlevchefbooks.ru/shnitsel
Шнитцель,Горячие блюда — мясо,https://ivlevchefbooks.ru/shnitcel
Каннелони с креветками,Горячие блюда — рыба,https://ivlevchefbooks.ru/kanneloni-s-krevetkami
Копчёная форель,Горячие блюда — рыба,https://ivlevchefbooks.ru/kopchenaya-forel
Форель подкопчённая,Горячие блюда — рыба,https://ivlevchefbooks.ru/forel-podkopchennaya
Копчёный лосось в нори,Горячие блюда — рыба,https://ivlevchefbooks.ru/kopchenyi-losos-v-nori
Котлеты из трески и картофеля,Горячие блюда — рыба,https://ivlevchefbooks.ru/kotlety-iz-treski-i-kartofelya
Креветки в духовке,Горячие блюда — рыба,https://ivlevchefbooks.ru/krevetki-v-dyhovke
Креветки со спаржей в чесночном масле,Горячие блюда — рыба,https://ivlevchefbooks.ru/krevetki-so-sparjey-v-chesnochnom-masle
Крокеты с рисом и крабом,Горячие блюда — рыба,https://ivlevchefbooks.ru/krokety-s-risom-i-krabom
Лосось со стучини и песто,Горячие блюда — рыба,https://ivlevchefbooks.ru/losos-s-ctykini-i-pesto
Морские гребешки,Горячие блюда — рыба,https://ivlevchefbooks.ru/morskie-grebeshki
Мурманская форель,Горячие блюда — рыба,https://ivlevchefbooks.ru/myrmanskaya-forel
Паста арабиата с креветками,Горячие блюда — рыба,https://ivlevchefbooks.ru/pasta-arabiata-s-krevetkami
Пирог с рыбой,Горячие блюда — рыба,https://ivlevchefbooks.ru/pirog-s-ryboi
Рагу из окуня,Горячие блюда — рыба,https://ivlevchefbooks.ru/ragu-iz-okynya
Рыба под маринадом,Горячие блюда — рыба,https://ivlevchefbooks.ru/ryba-pod-marinadom
Сибас с песто,Горячие блюда — рыба,https://ivlevchefbooks.ru/sibas-s-pesto
Сочные мидии,Горячие блюда — рыба,https://ivlevchefbooks.ru/sochnye-midii
Сэндвич с тунцом,Горячие блюда — рыба,https://ivlevchefbooks.ru/sandwich-s-tuncom
Торт из тунца и авокадо,Горячие блюда — рыба,https://ivlevchefbooks.ru/tort-iz-tunca-i-avacado
Треска с икрой баклажанов,Горячие блюда — рыба,https://ivlevchefbooks.ru/treska-s-ikroi-baklajanov
Треска с рисом и карри,Горячие блюда — рыба,https://ivlevchefbooks.ru/treska-s-risom-i-karri
"Треска с томатами, вонголе, маслинами",Горячие блюда — рыба,https://ivlevchefbooks.ru/treska-s-tomatami-vongole-maslinami
Тунец с овощами и пашот,Горячие блюда — рыба,https://ivlevchefbooks.ru/tynec-s-ovoshami-i-pashot
Фиш-н-чипс,Горячие блюда — рыба,https://ivlevchefbooks.ru/fish-n-chips
Хрустящие креветки,Горячие блюда — рыба,https://ivlevchefbooks.ru/hrystashie-krevetki
Хрустящий пирог из сёмги,Горячие блюда — рыба,https://ivlevchefbooks.ru/hrystashiy-pirog-iz-semgi
Жаркое из морепродуктов,Горячие блюда — рыба,https://ivlevchefbooks.ru/zharkoe-iz-moreprodyktov
Шаурма с креветками и кальмаром,Горячие блюда — рыба,https://ivlevchefbooks.ru/shaurma-krevetki-kalmar
Ассорти мини,Гриль и мангал,https://ivlevchefbooks.ru/assorti-mini
Баранина на гриле,Гриль и мангал,https://ivlevchefbooks.ru/baranina-na-grile
Жареный ананас,Гриль и мангал,https://ivlevchefbooks.ru/zharennyi-ananas
Корейка на гриле,Гриль и мангал,https://ivlevchefbooks.ru/koreyka-na-grile
Крылышки паназия,Гриль и мангал,https://ivlevchefbooks.ru/krylyshki-panasia
Мини-шашлыки (морепродукты),Гриль и мангал,https://ivlevchefbooks.ru/mini-shashlyki-more
Мясо на гриле — ростбиф,Гриль и мангал,https://ivlevchefbooks.ru/myaso-na-grile-rostbif
Свиная корейка на кости,Гриль и мангал,https://ivlevchefbooks.ru/svinaya-koreyka-na-kosti
Шашлык из индейки,Гриль и мангал,https://ivlevchefbooks.ru/shashlyk-iz-indeyki
Шашлык из картофеля,Гриль и мангал,https://ivlevchefbooks.ru/shashlyk-iz-kartofelya
"Шашлык из креветок, кальмара, лосося",Гриль и мангал,https://ivlevchefbooks.ru/shashlyk-iz-krevetok-kalmara-lososya
Шашлык из купатов,Гриль и мангал,https://ivlevchefbooks.ru/shashlyk-iz-kupatov
Шашлык из овощей,Гриль и мангал,https://ivlevchefbooks.ru/shashlyk-iz-ovoshey
Шашлык по-деревенски,Гриль и мангал,https://ivlevchefbooks.ru/shashlyk-po-derevenski
Шашлык свиной,Гриль и мангал,https://ivlevchefbooks.ru/shashlyk-svinoi
Шашлычки из креветок,Гриль и мангал,https://ivlevchefbooks.ru/shashlychki-iz-krevetok
Шашлычки из сёмги,Гриль и мангал,https://ivlevchefbooks.ru/shashlychki-iz-semgi
Блинный торт,Пироги и выпечка,https://ivlevchefbooks.ru/blinnyi-tort
Блинный торт с картофелем и грибами,Пироги и выпечка,https://ivlevchefbooks.ru/blinnyi-tort-s-kartofelem-gribami
Блины на масленицу,Пироги и выпечка,https://ivlevchefbooks.ru/bliny-na-maslenitsy
Блины с тунцом,Пироги и выпечка,https://ivlevchefbooks.ru/bliny-s-tyncom
Грибной штрудель,Пироги и выпечка,https://ivlevchefbooks.ru/gribnoy-shtrudel
Домашний милфей,Пироги и выпечка,https://ivlevchefbooks.ru/domashniy-milfey
Ленивый милфей,Пироги и выпечка,https://ivlevchefbooks.ru/lenivyi-milfey
Запеканка с клубникой,Пироги и выпечка,https://ivlevchefbooks.ru/zapekanka-s-klybnikoy
Картофельный пирог с грибами,Пироги и выпечка,https://ivlevchefbooks.ru/kartofelnyi-pirog-s-gribami
Киш Лорен с лососем,Пироги и выпечка,https://ivlevchefbooks.ru/kish-loren-s-lososem
Конкильони с томатами,Пироги и выпечка,https://ivlevchefbooks.ru/konkiloni-s-tomatami
Лазанья,Пироги и выпечка,https://ivlevchefbooks.ru/lazanja
Лазанья пармиджано,Пироги и выпечка,https://ivlevchefbooks.ru/lazanja-parmijano
Ленивая ачма,Пироги и выпечка,https://ivlevchefbooks.ru/lenivaya-achma
Ложный хачапури,Пироги и выпечка,https://ivlevchefbooks.ru/lojnyi-hachapuri
Мясной пирог,Пироги и выпечка,https://ivlevchefbooks.ru/myasnoi-pirog
Ньокки,Пироги и выпечка,https://ivlevchefbooks.ru/niokki
Пирог из земляники,Пироги и выпечка,https://ivlevchefbooks.ru/pirog-iz-zemlyaniki
Пирог из сгущёнки и ягод,Пироги и выпечка,https://ivlevchefbooks.ru/pirog-iz-sgushenki-i-yagod
Пирог на День России,Пироги и выпечка,https://ivlevchefbooks.ru/pirog-na-den-rossii
Пирог с грушей,Пироги и выпечка,https://ivlevchefbooks.ru/pirog-s-gryshey
Пирог с домашним вареньем,Пироги и выпечка,https://ivlevchefbooks.ru/pirog-s-domashnim-vareniem
"Пирог с курицей, сыром, томатами",Пироги и выпечка,https://ivlevchefbooks.ru/pirog-s-kyrice-syrom-tomatami
Пирог с мойвой,Пироги и выпечка,https://ivlevchefbooks.ru/pirog-s-moivoy
Пирожки с мясом,Пироги и выпечка,https://ivlevchefbooks.ru/pirozhki-s-myasom
Фирменные пирожки с мясом,Пироги и выпечка,https://ivlevchefbooks.ru/firmennye-pirogki-s-myasom
Простой морковный пирог,Пироги и выпечка,https://ivlevchefbooks.ru/prostoi-morkovnyi-pirog
Простой пирог с овощами,Пироги и выпечка,https://ivlevchefbooks.ru/prostoi-pirog-s-ovoshami
Равиоли с сыром и тыквой,Пироги и выпечка,https://ivlevchefbooks.ru/raviolli-s-syrom-i-hyrmoi
Сырные блинчики,Пироги и выпечка,https://ivlevchefbooks.ru/syrnye-blinchiki
Фирменная шарлотка,Пироги и выпечка,https://ivlevchefbooks.ru/firmennaya-sharlotka
Шарлотка фирменная,Пироги и выпечка,https://ivlevchefbooks.ru/sharlotka-firmennaya
Школьная пицца,Пироги и выпечка,https://ivlevchefbooks.ru/shkolnaya-pizza
Яблочный пирог с карамельным соусом,Пироги и выпечка,https://ivlevchefbooks.ru/yablochnyi-pirog-s-karamelnym-soysom
Японские пельмени,Пироги и выпечка,https://ivlevchefbooks.ru/yaponskie-pelmeni
Бриош с фондю,Завтраки,https://ivlevchefbooks.ru/briosh-s-fondu
Бутерброд с ветчиной и сыром,Завтраки,https://ivlevchefbooks.ru/buter-s-vetchinoy-i-syrom
Ватрушки по-ивлевски,Завтраки,https://ivlevchefbooks.ru/vatryshki-po-ivlevski
Ватрушки с соусом болоньезе,Завтраки,https://ivlevchefbooks.ru/vatrushki-s-soysom-bolonjese
Глазированные сырки,Завтраки,https://ivlevchefbooks.ru/glazirovannye-syrki
Конвертики с творогом,Завтраки,https://ivlevchefbooks.ru/konvertiki-s-tvorogom
Крок-мадам,Завтраки,https://ivlevchefbooks.ru/krok-madam
Круассаны-экспресс,Завтраки,https://ivlevchefbooks.ru/express-kryassany
Ленивые ватрушки,Завтраки,https://ivlevchefbooks.ru/lenivye-vatrushki
Ленивые сырники,Завтраки,https://ivlevchefbooks.ru/lenivye-surniki
Ложные сырники,Завтраки,https://ivlevchefbooks.ru/lojnye-surniki
Омлет Пуляр,Завтраки,https://ivlevchefbooks.ru/omlet-pylyar
Омлет от шефа,Завтраки,https://ivlevchefbooks.ru/omlet-ot-chefa
Омлет с круассаном,Завтраки,https://ivlevchefbooks.ru/omlet-s-kryassanom
Омлет с фасолью,Завтраки,https://ivlevchefbooks.ru/omlet-s-fasolu
Пашот с голландским соусом,Завтраки,https://ivlevchefbooks.ru/pashot-s-gollandskim-soysom
Сосиски в кляре,Завтраки,https://ivlevchefbooks.ru/sosiski-v-klyare
Сырники по-ивлевски,Завтраки,https://ivlevchefbooks.ru/recept-syrniki-po-ivlevski
Сырники по-ивлевски (вариант 2),Завтраки,https://ivlevchefbooks.ru/syrkini-po-ivlevski
Сэндвич с лососем,Завтраки,https://ivlevchefbooks.ru/sandwich-s-lososem
Творожная запеканка,Завтраки,https://ivlevchefbooks.ru/tvorognaya-zapekanka
Творожники,Завтраки,https://ivlevchefbooks.ru/tvorogniky
Творожный завтрак,Завтраки,https://ivlevchefbooks.ru/tvorognyi-zavtrak
Шакшука по-ивлевски,Завтраки,https://ivlevchefbooks.ru/shakshuka-po-ivlevski
Баклажан миланезе,Гарниры и овощи,https://ivlevchefbooks.ru/baklajan-milaneze
Баклажаны тушёные с томатами,Гарниры и овощи,https://ivlevchefbooks.ru/baklajany-tyshennye-s-tomatami
Бон-бон в картофельной стружке,Гарниры и овощи,https://ivlevchefbooks.ru/bon-bon-v-kartofelnoy-struzhke
Брамбораки с копчёностями,Гарниры и овощи,https://ivlevchefbooks.ru/bramboraki-s-kopchenosyami
Домашняя крошка-картошка,Гарниры и овощи,https://ivlevchefbooks.ru/domashnaya-kroshka-kartoshka
Драники,Гарниры и овощи,https://ivlevchefbooks.ru/draniki
Драники из кабачков с горбушей,Гарниры и овощи,https://ivlevchefbooks.ru/draniki-iz-kabachkov-s-gorbyshei
Жареная картошка,Гарниры и овощи,https://ivlevchefbooks.ru/zharenaya-kartoshka
Жареная картошка по-ивлевски,Гарниры и овощи,https://ivlevchefbooks.ru/jarenaya-kartoshka-po-ivlevski
Жареная полента,Гарниры и овощи,https://ivlevchefbooks.ru/jarenaya-polenta
Жюльен с грибами и сыром,Гарниры и овощи,https://ivlevchefbooks.ru/jylien-s-gribami-i-syrom
Запечённые баклажаны под сырной корочкой,Гарниры и овощи,https://ivlevchefbooks.ru/zapechennye-baklajany-pod-syrnoi-korochkoi
Запечённые кабачки,Гарниры и овощи,https://ivlevchefbooks.ru/zapechennye-kabachki
Зелёное ризотто с лососем,Гарниры и овощи,https://ivlevchefbooks.ru/zelenoe-rizotto-s-lososem
Капустно-картофельные котлеты,Гарниры и овощи,https://ivlevchefbooks.ru/kapustno-kartofelnye-kotlety
Картофельные вафли,Гарниры и овощи,https://ivlevchefbooks.ru/kartofelnye-vafli
Картофельные лепёшки с грибным рагу,Гарниры и овощи,https://ivlevchefbooks.ru/kartofelnye-lepeshki-s-gribnym-ragu
Картофельные трюфельные чипсы,Гарниры и овощи,https://ivlevchefbooks.ru/kartofeln-trufelnye-chipsy
Лобио по-ивлевски,Гарниры и овощи,https://ivlevchefbooks.ru/lobio-po-ivlevski
Пак-чой с тофу,Гарниры и овощи,https://ivlevchefbooks.ru/pak-choi-s-tofy
Печёночные оладьи,Гарниры и овощи,https://ivlevchefbooks.ru/pechenochnye-oladii
Печёный баклажан,Гарниры и овощи,https://ivlevchefbooks.ru/pechenyi-baklagan
Рулетики из баклажанов,Гарниры и овощи,https://ivlevchefbooks.ru/ryletiki-iz-baklajanov
Рулетики с сырной начинкой,Гарниры и овощи,https://ivlevchefbooks.ru/ryletiki-s-syrnoi-nachinkoy
Удон с тофу,Гарниры и овощи,https://ivlevchefbooks.ru/ydon-s-tofy
Хрустящие картофельные шарики,Гарниры и овощи,https://ivlevchefbooks.ru/hrystashie-kartofelnye-shariki
Хрустящий тофу с овощами,Гарниры и овощи,https://ivlevchefbooks.ru/hrystashiy-tofy-s-ovoshami
Горячие роллы,Стритфуд,https://ivlevchefbooks.ru/goryachie-rolly
Домашняя шаурма,Стритфуд,https://ivlevchefbooks.ru/domashnya-shaurma
Кесадилья с сыром,Стритфуд,https://ivlevchefbooks.ru/kesadilia-s-syrom
Мини-комплименты,Стритфуд,https://ivlevchefbooks.ru/mini-komplimenty
Ролл в лаваше,Стритфуд,https://ivlevchefbooks.ru/roll-v-lavashe
Хрустящие козетки с сосисками,Стритфуд,https://ivlevchefbooks.ru/hrystashie-kozetki-s-sosiskami
Шаурма с картофелем и шпикачками,Стритфуд,https://ivlevchefbooks.ru/shaurma-s-kartofelem-i-shpikachkami
Шаурма с креветками,Стритфуд,https://ivlevchefbooks.ru/shaurma-s-krevetkami
Шаурма с сёмгой,Стритфуд,https://ivlevchefbooks.ru/shaurma-s-semgoy
Анна Павлова,Десерты,https://ivlevchefbooks.ru/anna-pavlova
Безе с орехами,Десерты,https://ivlevchefbooks.ru/beze-s-orehami
Груша с козинаками,Десерты,https://ivlevchefbooks.ru/grysha-s-kozinakami
Десерт из клубники,Десерты,https://ivlevchefbooks.ru/desert-iz-klubniki
Запеканка с цукатами,Десерты,https://ivlevchefbooks.ru/zapekanka-s-cykatami
Крем-брюле облепиховый,Десерты,https://ivlevchefbooks.ru/krem-brule-oblepihovyi
Крёп Сюзетт,Десерты,https://ivlevchefbooks.ru/krep-susett
Оладьи со сладким соусом,Десерты,https://ivlevchefbooks.ru/oladi-so-sladkim-sousom
Полезный десерт,Десерты,https://ivlevchefbooks.ru/poleznyi-desert
Рафаэлло из бананов,Десерты,https://ivlevchefbooks.ru/rafaello-iz-bananov
Русское тирамису,Десерты,https://ivlevchefbooks.ru/rysskoe-tiramisy
Сладкое печенье,Десерты,https://ivlevchefbooks.ru/sladkoe-pechenie
Сливочно-ванильный пудинг,Десерты,https://ivlevchefbooks.ru/slivochno-vanilnyi-puding
Сырное печенье,Десерты,https://ivlevchefbooks.ru/syrnoe-pechenie
Фондю,Десерты,https://ivlevchefbooks.ru/fondu
Чизкейк Сан-Себастьян,Десерты,https://ivlevchefbooks.ru/chizkeyk-san-sebastyan
Шоколадная колбаса,Десерты,https://ivlevchefbooks.ru/shokoladnaya-kolbasa
Шоколадные брауни,Десерты,https://ivlevchefbooks.ru/shokoladnye-brauni
Шоколадные оладьи,Десерты,https://ivlevchefbooks.ru/shokoladnye-oladi
Лайфхак: Работаем с шоколадом,Лайфхаки,https://ivlevchefbooks.ru/lifehack-shokolad
Лайфхак: Как выжать больше сока из лимона или лайма,Лайфхаки,https://ivlevchefbooks.ru/lifehack-lemon
Лайфхак: Секреты лука,Лайфхаки,https://ivlevchefbooks.ru/lifehack-lyk
Лайфхак: Как удалить лишнюю влагу из огурцов,Лайфхаки,https://ivlevchefbooks.ru/lifehack-ogyrtsy
Лайфхак: Разделочная доска — советы от Шефа,Лайфхаки,https://ivlevchefbooks.ru/lifehack-razdelochnaya-doska
Лайфхак: Авокадо — готовим с лайфхаками,Лайфхаки,https://ivlevchefbooks.ru/lifehack-avacado
Лайфхак: Как правильно хранить специи,Лайфхаки,https://ivlevchefbooks.ru/lifehack-specii
"Лайфхак: Как отрезать тесто, чтобы не прилипало к ножу",Лайфхаки,https://ivlevchefbooks.ru/lifehack-testo
Лайфхак: Зелень — советы от Шефа,Лайфхаки,https://ivlevchefbooks.ru/lifehack-zelen
